{
  "Alloc": 1383432,
  "BuckHashSys": 7667,
  "Frees": 6199,
  "GCCPUFraction": 0.000134271852942084,
  "GCSys": 2349280,
  "HeapAlloc": 1383432,
  "HeapIdle": 5537792,
  "HeapInuse": 2179072,
  "HeapObjects": 759,
  "HeapReleased": 2662400,
  "HeapSys": 7716864,
  "LastGC": 1719858523251015000,
  "Lookups": 0,
  "MCacheInuse": 12000,
  "MCacheSys": 15600,
  "MSpanInuse": 95360,
  "Mallocs": 6958,
  "NextGC": 4194304,
  "NumForcedGC": 0,
  "NumGC": 19,
  "OtherSys": 1759693,
  "PauseTotalNs": 1762998,
  "StackInuse": 655360,
  "StackSys": 655360,
  "Sys": 655360,
  "TotalAlloc": 50044008,
  "RandomValue": 0.17318298936551835,
  "MSpanSys": 97920,
  "PollCount": 198
}
